{"0":{"precision":1.0,"recall":0.9787234043,"f1-score":0.9892473118,"support":47.0},"1":{"precision":0.8113207547,"recall":0.9772727273,"f1-score":0.8865979381,"support":44.0},"2":{"precision":0.9722222222,"recall":0.7954545455,"f1-score":0.875,"support":44.0},"accuracy":{"precision":0.9185185185,"recall":0.9185185185,"f1-score":0.9185185185,"support":0.9185185185},"macro avg":{"precision":0.927847659,"recall":0.9171502257,"f1-score":0.9169484167,"support":135.0},"weighted avg":{"precision":0.9294510443,"recall":0.9185185185,"f1-score":0.9185550588,"support":135.0}}