,precision,recall,f1-score,support
0,1.0,0.98,0.98989898989899,50.0
1,0.8305084745762712,0.98,0.8990825688073395,50.0
2,0.9761904761904762,0.82,0.8913043478260869,50.0
accuracy,0.9266666666666666,0.9266666666666666,0.9266666666666666,0.9266666666666666
macro avg,0.9355663169222491,0.9266666666666666,0.9267619688441388,150.0
weighted avg,0.9355663169222491,0.9266666666666666,0.9267619688441388,150.0
